{
    "accuracy": [
        0.34012195467948914,
        0.4802669286727905,
        0.5568979382514954,
        0.6063743829727173,
        0.6590725779533386,
        0.6474514007568359,
        0.664250373840332,
        0.7070532441139221,
        0.737544596195221,
        0.7206305265426636
    ],
    "loss": [
        2.677215814590454,
        1.8686472177505493,
        1.5444456338882446,
        1.3228756189346313,
        1.1536519527435303,
        1.1805592775344849,
        1.1232086420059204,
        0.9380793571472168,
        0.827629566192627,
        0.9269766211509705
    ],
    "val_accuracy": [
        0.1496756225824356,
        0.44439294934272766,
        0.36098238825798035,
        0.1946246474981308,
        0.5898980498313904,
        0.3443002700805664,
        0.49490270018577576,
        0.7395736575126648,
        0.44810009002685547,
        0.6909174919128418
    ],
    "val_loss": [
        5.04071044921875,
        2.163560628890991,
        3.130868673324585,
        5.364381313323975,
        1.618151068687439,
        3.5242176055908203,
        1.9509435892105103,
        0.7894798517227173,
        2.25007700920105,
        1.0636653900146484
    ]
}